method,faithfulness,answer_relevancy,context_precision,context_recall
Markdown,0.9333333333333332,0.6949653032241986,0.8888888888277777,1.0
Recursive,0.5231481481481481,0.5080174608451914,0.6388888888513888,1.0
Semantic,0.40740740740740744,0.6290564835584908,0.9999999999611111,1.0
Sentence Window,0.9444444444444445,0.6019557584579908,0.7499999999624999,1.0
Token,0.5833333333333334,0.5788145260097811,0.38888888886388884,0.6666666666666666
